﻿品名,规格,昨日行情,今日行情,回购价
珍酒珍30虎虎生威,53.00度/750ml,950,950,登录查看
珍酒珍15虎虎生威,53.00度/750ml,410,410,登录查看
珍酒珍30牛气冲天,53.00度/750ml,"1,070","1,070",登录查看
珍酒珍15牛气冲天,53.00度/750ml,410,410,登录查看
珍酒珍30兔飞猛进,53.00度/750ml,850,850,登录查看
珍酒珍15兔飞猛进,53.00度/750ml,380,380,登录查看
珍酒1985,53.00度/500ml,260,260,登录查看
珍酒珍品,53.00度/500ml,100,100,登录查看
珍酒珍酒猪年,53.00度/500ml,450,450,登录查看
珍酒珍酒鼠年,53.00度/500ml,500,500,登录查看
珍酒珍10,53.00度/500ml,230,230,登录查看
珍酒老珍酒,53.00度/500ml,65,65,登录查看
珍酒珍5,53.00度/500ml,85,85,登录查看
珍酒珍8,53.00度/500ml,175,175,登录查看
珍酒珍15,53.00度/500ml,270,270,登录查看
珍酒珍30,53.00度/500ml,580,580,登录查看
珍酒映山红,53.00度/500ml,105,105,登录查看
