﻿品名,规格,昨日行情,今日行情,回购价
五粮液尖庄131,50.00度/500ml,20,20,登录查看
五粮液尖庄高光,50.00度/500ml,40,40,登录查看
五粮液尖庄红优,50.00度/500ml,30,30,登录查看
五粮液五粮头曲佳品,52.00度/500ml,60,60,登录查看
五粮液五粮头曲精品,52.00度/500ml,62,62,登录查看
五粮液五粮头曲,52.00度/500ml,55,55,登录查看
五粮液50ML普五(八代),52.00度/50ml,110,110,登录查看
五粮液100ML普五(八代),52.00度/100ml,220,220,登录查看
五粮液250ML普五(八代),52.00度/250ml,550,550,登录查看
五粮液375ML小五粮,52.00度/375ml,230,230,登录查看
五粮液42°五粮液,42.00度/500ml,660,660,登录查看
五粮液50°五粮醇臻10,50.00度/500ml,75,75,登录查看
五粮液50°五粮醇臻6,50.00度/500ml,47,47,登录查看
五粮液永福酱酒（十年）,53.00度/500ml,310,310,登录查看
五粮液15酱30,53.00度/500ml,370,370,登录查看
五粮液15酱50,53.00度/500ml,560,560,登录查看
五粮液特曲,52.00度/500ml,115,115,登录查看
五粮液五粮特曲精品,52.00度/500ml,120,120,登录查看
五粮液生肖鸡年,52.00度/750ml,900,900,登录查看
五粮液生肖猪年,52.00度/500ml,930,930,登录查看
五粮液尖庄曲酒,52.00度/500ml,30,30,登录查看
五粮液尖庄（棉柔）,50.00度/500ml,22,22,登录查看
五粮液生肖牛年,52.00度/500ml,"1,499","1,499",登录查看
五粮液生肖虎年,52.00度/500ml,"1,499","1,499",登录查看
五粮液五粮醇（红淡雅）,50.00度/500ml,50,50,登录查看
五粮液五粮春（老）,50.00度/500ml,150,150,登录查看
五粮液步步高升,52.00度/3025ml,"7,200","7,200",登录查看
五粮液十年,50.00度/500ml,"1,200","1,200",登录查看
五粮液金装,52.00度/500ml,"1,030","1,030",登录查看
五粮液5L普五(八代),52.00度/5000ml,"10,500","10,500",登录查看
五粮液交杯,52.00度/500ml,"1,200","1,200",登录查看
五粮液普五(七代),52.00度/500ml,790,790,登录查看
五粮液1618,52.00度/500ml,790,790,登录查看
五粮液39°五粮液,39.00度/500ml,620,620,登录查看
五粮液68°五粮液,68.00度/500ml,"1,120","1,120",登录查看
五粮液500ML普五(八代),52.00度/500ml,775,775,登录查看
