﻿品名,规格,昨日行情,今日行情,回购价
洋河42°天之蓝,42.00度/480ml,250,250,登录查看
洋河46°天之蓝,46.00度/480ml,255,255,登录查看
洋河梦之蓝M1,52.00度/500ml,285,285,登录查看
洋河大曲（青瓷）,52.00度/500ml,45,45,登录查看
洋河52°海之蓝,52.00度/480ml,120,120,登录查看
洋河42°海之蓝,42.00度/480ml,115,115,登录查看
洋河52°天之蓝,52.00度/520ml,265,265,登录查看
洋河梦之蓝M3（水晶版）,52.00度/550ml,340,340,登录查看
洋河梦之蓝M6,52.00度/500ml,600,600,登录查看
洋河梦之蓝M6+,52.00度/550ml,525,525,登录查看
洋河梦之蓝M9,52.00度/500ml,780,780,登录查看
