﻿品名,规格,昨日行情,今日行情,回购价
习酒窖藏1988,53.00度/500ml,350,350,登录查看
习酒习水天辰6,52.00度/500ml,120,120,登录查看
习酒习水天辰10,52.00度/500ml,200,200,登录查看
习酒习水天辰,52.00度/500ml,110,110,登录查看
习酒方品,53.00度/500ml,125,125,登录查看
习酒金品,53.00度/500ml,155,155,登录查看
习酒金典,53.00度/500ml,220,220,登录查看
习酒铂钻,52.00度/500ml,85,85,登录查看
习酒金镶玉,53.00度/500ml,535,535,登录查看
习酒1988雅致,53.00度/500ml,345,345,登录查看
习酒1L窖藏1988,53.00度/1000ml,965,965,登录查看
习酒纪元,53.00度/1500ml,"1,580","1,580",登录查看
习酒375ml*2君品品鉴,53.00度/750ml,990,990,登录查看
习酒窖藏虎年,53.00度/500ml,920,920,登录查看
习酒窖藏牛年,53.00度/500ml,805,805,登录查看
习酒窖藏鼠年,53.00度/500ml,860,860,登录查看
习酒窖藏猪年,53.00度/500ml,980,980,登录查看
习酒窖藏狗年,53.00度/500ml,700,700,登录查看
习酒窖藏鸡年,53.00度/500ml,"2,380","2,380",登录查看
习酒铁盖,53.00度/500ml,650,650,登录查看
习酒陈酿,53.00度/500ml,680,680,登录查看
习酒红习酒,53.00度/500ml,85,85,登录查看
习酒老习酒,53.00度/500ml,105,105,登录查看
习酒银钻,53.00度/500ml,140,140,登录查看
习酒金钻,53.00度/500ml,160,160,登录查看
习酒银质习酒,53.00度/500ml,95,95,登录查看
习酒金质习酒,53.00度/500ml,145,145,登录查看
习酒窖藏喜宴,53.00度/500ml,295,295,登录查看
习酒窖藏1998,53.00度/500ml,350,350,登录查看
习酒窖藏30年,53.00度/500ml,"1,900","1,900",登录查看
习酒窖藏15年,53.00度/500ml,950,950,登录查看
习酒窖藏10年,53.00度/500ml,890,890,登录查看
习酒君品习酒,53.00度/500ml,596,596,登录查看
习酒敦煌四祥瑞套装,53.00度/2000ml,"14,999","14,999",登录查看
