﻿品名,规格,昨日行情,今日行情,回购价
杜康酒祖窖藏,50.00度/500ml,50,50,登录查看
杜康酒祖15窖区（新）,50.00度/500ml,55,55,登录查看
杜康酒祖6窖区（新）,50.00度/500ml,98,98,登录查看
杜康酒祖9窖区（新）,50.00度/500ml,128,128,登录查看
杜康酒祖12窖区（新）,52.00度/500ml,218,218,登录查看
杜康小封坛（玉坛）,52.00度/500ml,760,760,登录查看
杜康小封坛（青坛）,46.00度/500ml,395,395,登录查看
