﻿品名,规格,昨日行情,今日行情,回购价
郎酒500ml难忘郎,53.00度/500ml,195,195,登录查看
郎酒纪念郎,53.00度/500ml,375,375,登录查看
郎酒110周年郎,53.00度/500ml,440,440,登录查看
郎酒1L2020难忘郎,53.00度/1000ml,370,370,登录查看
郎酒四十周年郎,53.00度/500ml,295,295,登录查看
郎酒青花郎10,53.00度/500ml,300,300,登录查看
郎酒青花郎15,53.00度/500ml,470,470,登录查看
郎酒青花郎20,53.00度/500ml,800,800,登录查看
郎酒青花鼠,53.00度/750ml,"1,020","1,020",登录查看
郎酒青花猪,53.00度/750ml,"1,000","1,000",登录查看
郎酒青花狗,53.00度/750ml,"1,060","1,060",登录查看
郎酒红运郎,53.00度/500ml,"1,620","1,620",登录查看
郎酒青云郎,53.00度/500ml,"3,500","3,500",登录查看
郎酒50°特曲T9,50.00度/500ml,170,170,登录查看
郎酒50°特曲T8,50.00度/500ml,110,110,登录查看
郎酒50°特曲T6,50.00度/500ml,80,80,登录查看
郎酒50°特曲T3,50.00度/500ml,70,70,登录查看
郎酒500ML难忘郎,53.00度/500ml,225,225,登录查看
郎酒盛世郎,53.00度/500ml,225,225,登录查看
郎酒郎牌郎,53.00度/500ml,135,135,登录查看
郎酒珍品郎,53.00度/500ml,175,175,登录查看
郎酒红花郎10,53.00度/500ml,227,227,登录查看
郎酒红花郎15,53.00度/500ml,350,350,登录查看
郎酒青花郎,53.00度/500ml,620,620,登录查看
