﻿品名,规格,昨日行情,今日行情,回购价
国台2.5L国礼狗,53.00度/2500ml,"2,500","2,500",登录查看
国台十年黑金,53.00度/500ml,435,435,登录查看
国台中国龙,53.00度/500ml,480,480,登录查看
国台大师工造,53.00度/500ml,350,350,登录查看
国台好礼.虎,53.00度/5000ml,"1,930","1,930",登录查看
国台好礼.兔,53.00度/5000ml,"1,900","1,900",登录查看
国台十年（蓝）,53.00度/500ml,385,385,登录查看
国台国礼,53.00度/500ml,160,160,登录查看
国台龙耀,53.00度/500ml,405,405,登录查看
国台华章,53.00度/500ml,340,340,登录查看
国台好礼,53.00度/500ml,380,380,登录查看
国台酱酒,53.00度/500ml,175,175,登录查看
国台国标,53.00度/500ml,223,223,登录查看
国台十五年,53.00度/500ml,490,490,登录查看
国台龙酒,53.00度/500ml,980,980,登录查看
