﻿品名,规格,昨日行情,今日行情,回购价
仰韶献礼500,50.00度/500ml,50,50,登录查看
仰韶46°人和,46.00度/500ml,80,80,登录查看
仰韶46°地利,46.00度/500ml,140,140,登录查看
仰韶46°天时,46.00度/500ml,355,355,登录查看
仰韶地利洞藏（D6）,52.00度/500ml,180,180,登录查看
仰韶地利洞藏（D9）,52.00度/500ml,225,225,登录查看
仰韶天时（星）,53.00度/500ml,210,210,登录查看
仰韶天时（月）,53.00度/500ml,288,288,登录查看
仰韶天时（日）,53.00度/500ml,565,565,登录查看
