﻿品名,规格,昨日行情,今日行情,回购价
茅台2025年飞天(散),53.00度/500ml,"1,550","1,550",登录查看
茅台2025年飞天(原),53.00度/500ml,"1,560","1,560",登录查看
茅台2024年飞天(散),53.00度/500ml,"1,580","1,580",登录查看
茅台2024年飞天(原),53.00度/500ml,"1,600","1,600",登录查看
茅台2023年飞天(原),53.00度/500ml,"1,800","1,800",登录查看
茅台2023年飞天(散),53.00度/500ml,"1,700","1,700",登录查看
茅台2022年飞天(原),53.00度/500ml,"1,900","1,900",登录查看
茅台2022年飞天(散),53.00度/500ml,"1,800","1,800",登录查看
茅台2021年飞天(原),53.00度/500ml,"1,950","1,950",登录查看
茅台2021年飞天(散),53.00度/500ml,"1,850","1,850",登录查看
茅台2020年飞天(原),53.00度/500ml,"2,050","2,050",登录查看
茅台2020年飞天(散),53.00度/500ml,"1,980","1,980",登录查看
茅台2019年飞天(原),53.00度/500ml,"2,100","2,100",登录查看
茅台2019年飞天(散),53.00度/500ml,"2,000","2,000",登录查看
茅台2018年飞天(原),53.00度/500ml,"2,150","2,150",登录查看
茅台2018年飞天(散),53.00度/500ml,"2,020","2,020",登录查看
茅台2017年飞天(原),53.00度/500ml,"2,170","2,170",登录查看
茅台2017年飞天(散),53.00度/500ml,"2,060","2,060",登录查看
茅台2016年飞天(原),53.00度/500ml,"2,380","2,380",登录查看
茅台2016年飞天(散),53.00度/500ml,"2,150","2,150",登录查看
茅台2015年飞天(原),53.00度/500ml,"2,550","2,550",登录查看
茅台2015年飞天(散),53.00度/500ml,"2,320","2,320",登录查看
茅台2014年飞天(原),53.00度/500ml,"2,550","2,550",登录查看
茅台2014年飞天(散),53.00度/500ml,"2,360","2,360",登录查看
茅台2013年飞天(原),53.00度/500ml,"2,700","2,700",登录查看
茅台2013年飞天(散),53.00度/500ml,"2,400","2,400",登录查看
茅台2012年飞天(原),53.00度/500ml,"3,100","3,100",登录查看
茅台2012年飞天(散),53.00度/500ml,"2,550","2,550",登录查看
茅台2011年飞天(原),53.00度/500ml,"3,200","3,200",登录查看
茅台2011年飞天(散),53.00度/500ml,"2,600","2,600",登录查看
茅台2010年飞天(原),53.00度/500ml,"3,400","3,400",登录查看
茅台2010年飞天(散),53.00度/500ml,"2,800","2,800",登录查看
茅台43度飞天(原),43.00度/500ml,800,800,登录查看
茅台黄小西吃晚饭,53.00度/500ml,"1,480","1,480",登录查看
茅台五星70周年纪念,53.00度/500ml,"7,900","7,900",登录查看
茅台王子（生肖龙）,53.00度/500ml,366,366,登录查看
茅台王子（生肖蛇）,53.00度/500ml,335,335,登录查看
茅台贵州大曲（似水流年）,53.00度/1500ml,450,450,登录查看
茅台贵州大曲（蛇）,53.00度/2500ml,"1,030","1,030",登录查看
茅台生肖蛇（散）,53.00度/500ml,"1,560","1,560",登录查看
茅台笙乐飞天,53.00度/500ml,"1,620","1,620",登录查看
茅台生肖蛇（原）,53.00度/500ml,"1,650","1,650",登录查看
茅台散花飞天,53.00度/500ml,"2,200","2,200",登录查看
茅台巽风,53.00度/375ml,"1,125","1,125",登录查看
茅台大寒,53.00度/100ml,400,400,登录查看
茅台大寒,53.00度/500ml,"2,250","2,250",登录查看
茅台小寒,53.00度/100ml,380,380,登录查看
茅台小寒,53.00度/500ml,"2,250","2,250",登录查看
茅台冬至,53.00度/100ml,500,500,登录查看
茅台冬至,53.00度/500ml,"2,250","2,250",登录查看
茅台贵州大曲（龙）,53.00度/2500ml,"1,430","1,430",登录查看
茅台大雪,53.00度/100ml,400,400,登录查看
茅台大雪,53.00度/500ml,"2,250","2,250",登录查看
茅台小雪,53.00度/100ml,500,500,登录查看
茅台小雪,53.00度/500ml,"2,250","2,250",登录查看
茅台生肖龙(原),53.00度/500ml,"2,540","2,540",登录查看
茅台生肖龙(散),53.00度/500ml,"2,400","2,400",登录查看
茅台立冬,53.00度/100ml,"2,400","2,400",登录查看
茅台立冬,53.00度/500ml,450,450,登录查看
茅台霜降,53.00度/500ml,"2,300","2,300",登录查看
茅台霜降,53.00度/100ml,500,500,登录查看
茅台寒露,53.00度/100ml,400,400,登录查看
茅台寒露,53.00度/500ml,"2,300","2,300",登录查看
茅台秋分,53.00度/100ml,400,400,登录查看
茅台秋分,53.00度/500ml,"2,300","2,300",登录查看
茅台白露,53.00度/100ml,400,400,登录查看
茅台白露,53.00度/500ml,"2,300","2,300",登录查看
茅台处暑,53.00度/100ml,400,400,登录查看
茅台处暑,53.00度/500ml,"2,300","2,300",登录查看
茅台立秋,53.00度/100ml,420,420,登录查看
茅台立秋,53.00度/500ml,"2,400","2,400",登录查看
茅台大暑,53.00度/100ml,370,370,登录查看
茅台大暑,53.00度/500ml,"2,300","2,300",登录查看
茅台小暑,53.00度/100ml,350,350,登录查看
茅台小暑,53.00度/500ml,"2,350","2,350",登录查看
茅台夏至,53.00度/100ml,400,400,登录查看
茅台夏至,53.00度/500ml,"2,250","2,250",登录查看
茅台芒种,53.00度/100ml,360,360,登录查看
茅台芒种,53.00度/500ml,"2,250","2,250",登录查看
茅台小满,53.00度/100ml,380,380,登录查看
茅台小满,53.00度/500ml,"2,250","2,250",登录查看
茅台立夏,53.00度/100ml,400,400,登录查看
茅台立夏,53.00度/500ml,"2,400","2,400",登录查看
茅台谷雨,53.00度/100ml,380,380,登录查看
茅台谷雨,53.00度/500ml,"2,280","2,280",登录查看
茅台清明,53.00度/100ml,380,380,登录查看
茅台清明,53.00度/500ml,"2,300","2,300",登录查看
茅台春分,53.00度/100ml,380,380,登录查看
茅台春分,53.00度/500ml,"2,250","2,250",登录查看
茅台惊蛰,53.00度/100ml,380,380,登录查看
茅台惊蛰,53.00度/500ml,"2,250","2,250",登录查看
茅台赖茅（珍品）,53.00度/500ml,420,420,登录查看
茅台汉酱（品鉴）,53.00度/375ml,240,240,登录查看
茅台王子（彩色）,53.00度/500ml,195,195,登录查看
茅台王子（传承2000）,53.00度/500ml,225,225,登录查看
茅台王子品鉴,53.00度/375ml,225,225,登录查看
茅台1680满天星,53.00度/1680ml,"11,000","11,000",登录查看
茅台蓝茅,53.00度/500ml,"2,950","2,950",登录查看
茅台500ML*8燕京八景,53.00度/500ml,"27,000","27,000",登录查看
茅台茅台员工品鉴,53.00度/500ml,"2,280","2,280",登录查看
茅台茅台五星,53.00度/500ml,"1,450","1,450",登录查看
茅台50ML*5茅台白/金条,53.00度/50ml,710,710,登录查看
茅台475ML茅台珍藏,53.00度/475ml,"2,300","2,300",登录查看
茅台200ML茅台飞天,53.00度/200ml,520,520,登录查看
茅台375ML茅台飞天,53.00度/375ml,"1,300","1,300",登录查看
茅台茅台公斤飞天,53.00度/1000ml,"2,950","2,950",登录查看
茅台百姓小康,53.00度/500ml,345,345,登录查看
茅台百姓小康,53.00度/202ml,115,115,登录查看
茅台仁酒,53.00度/500ml,250,250,登录查看
茅台仁酒（和天下）,53.00度/500ml,395,395,登录查看
茅台仁酒（丹青殊荣）,53.00度/500ml,440,440,登录查看
茅台王茅（祥泰）,53.00度/375ml,310,310,登录查看
茅台王茅（祥邦）,53.00度/500ml,400,400,登录查看
茅台王茅（祥雅）,53.00度/500ml,630,630,登录查看
茅台华茅（1862）,53.00度/500ml,350,350,登录查看
茅台华茅（金奖）,53.00度/500ml,340,340,登录查看
茅台高尔夫,53.00度/500ml,510,510,登录查看
茅台茅台1935,53.00度/500ml,620,620,登录查看
茅台遵义1935,53.00度/500ml,920,920,登录查看
茅台五星茅台,53.00度/500ml,"1,450","1,450",登录查看
茅台厚德致远,53.00度/500ml,"2,350","2,350",登录查看
茅台盈典佳酿,53.00度/500ml,"2,250","2,250",登录查看
茅台雨水,53.00度/100ml,380,380,登录查看
茅台雨水,53.00度/500ml,"2,250","2,250",登录查看
茅台立春,53.00度/100ml,550,550,登录查看
茅台立春,53.00度/500ml,"4,200","4,200",登录查看
茅台赖茅（猪）,53.00度/500ml,480,480,登录查看
茅台赖茅（狗）,53.00度/500ml,530,530,登录查看
茅台赖茅（端曲）,53.00度/500ml,193,193,登录查看
茅台赖茅（珍藏）,53.00度/500ml,365,365,登录查看
茅台赖茅（精典）,53.00度/500ml,445,445,登录查看
茅台赖茅（金樽）,53.00度/500ml,315,315,登录查看
茅台赖茅（传禧）,53.00度/500ml,160,160,登录查看
茅台赖茅（传承棕）,53.00度/500ml,235,235,登录查看
茅台赖茅（传承蓝）,53.00度/500ml,255,255,登录查看
茅台赖茅（一代工匠）,53.00度/500ml,590,590,登录查看
茅台贵州大曲（猴）,53.00度/2500ml,"6,700","6,700",登录查看
茅台贵州大曲（猪）,53.00度/2500ml,"1,850","1,850",登录查看
茅台贵州大曲（狗）,53.00度/2500ml,"2,050","2,050",登录查看
茅台贵州大曲（鸡）,53.00度/2500ml,"2,750","2,750",登录查看
茅台贵州大曲（鼠）,53.00度/2500ml,"1,750","1,750",登录查看
茅台贵州大曲（牛）,53.00度/2500ml,"1,600","1,600",登录查看
茅台贵州大曲（虎）,53.00度/2500ml,"1,600","1,600",登录查看
茅台贵州大曲（兔）,53.00度/2500ml,"1,400","1,400",登录查看
茅台贵州大曲（80年）,53.00度/500ml,145,145,登录查看
茅台贵州大曲（70年）,53.00度/500ml,205,205,登录查看
茅台迎宾（蓝）,53.00度/425ml,160,160,登录查看
茅台迎宾（紫）,53.00度/500ml,123,123,登录查看
茅台迎宾（普）,53.00度/500ml,150,150,登录查看
茅台迎宾（中国红）,53.00度/500ml,175,175,登录查看
茅台迎宾（飞天）,53.00度/500ml,595,595,登录查看
茅台迎宾（20周年）,53.00度/10000ml,"7,200","7,200",登录查看
茅台汉酱（135bc）,51.00度/500ml,500,500,登录查看
茅台汉酱（普）,51.00度/500ml,240,240,登录查看
茅台汉酱（铂金蓝）,51.00度/500ml,470,470,登录查看
茅台汉酱（茅）,53.00度/500ml,575,575,登录查看
茅台汉酱（茅）,51.00度/500ml,550,550,登录查看
茅台王子（酱色）,53.00度/500ml,245,245,登录查看
茅台王子（蓝）,53.00度/425ml,197,197,登录查看
茅台王子（普）,53.00度/500ml,245,245,登录查看
茅台王子（黑金）,53.00度/500ml,250,250,登录查看
茅台王子（金）,53.00度/500ml,150,150,登录查看
茅台王子（酱香经典）,53.00度/500ml,170,170,登录查看
茅台王子（珍品）,53.00度/500ml,355,355,登录查看
茅台王子（传承1999）,53.00度/500ml,280,280,登录查看
茅台王子（10L20周年）,53.00度/10000ml,"14,000","14,000",登录查看
茅台王子（生肖兔）,53.00度/500ml,420,420,登录查看
茅台王子（生肖虎）,53.00度/500ml,410,410,登录查看
茅台王子（生肖牛）,53.00度/500ml,445,445,登录查看
茅台王子（生肖鼠）,53.00度/500ml,430,430,登录查看
茅台王子（生肖狗）,53.00度/500ml,470,470,登录查看
茅台王子（生肖鸡）,53.00度/500ml,570,570,登录查看
茅台王子（生肖猪）,53.00度/2500ml,"2,070","2,070",登录查看
茅台生肖马(散),53.00度/500ml,"10,500","10,500",登录查看
茅台生肖马(原),53.00度/500ml,"11,500","11,500",登录查看
茅台生肖羊(散),53.00度/500ml,"22,000","22,000",登录查看
茅台生肖羊(原),53.00度/500ml,"23,500","23,500",登录查看
茅台生肖猴(散),53.00度/500ml,"3,050","3,050",登录查看
茅台生肖猴(原),53.00度/500ml,"3,150","3,150",登录查看
茅台生肖鸡(散),53.00度/500ml,"2,150","2,150",登录查看
茅台生肖鸡(原),53.00度/500ml,"2,280","2,280",登录查看
茅台生肖狗(散),53.00度/500ml,"2,150","2,150",登录查看
茅台生肖狗(原),53.00度/500ml,"2,250","2,250",登录查看
茅台生肖猪(散),53.00度/500ml,"2,630","2,630",登录查看
茅台生肖猪(原),53.00度/500ml,"2,700","2,700",登录查看
茅台生肖鼠(散),53.00度/500ml,"2,200","2,200",登录查看
茅台生肖鼠(原),53.00度/500ml,"2,300","2,300",登录查看
茅台生肖牛(散),53.00度/500ml,"2,350","2,350",登录查看
茅台生肖牛(原),53.00度/500ml,"2,435","2,435",登录查看
茅台生肖虎(散),53.00度/500ml,"2,200","2,200",登录查看
茅台生肖虎(原),53.00度/500ml,"2,300","2,300",登录查看
茅台生肖兔(散),53.00度/500ml,"1,820","1,820",登录查看
茅台生肖兔(原),53.00度/500ml,"1,900","1,900",登录查看
茅台彩釉珍品,53.00度/500ml,"2,950","2,950",登录查看
茅台五十年,53.00度/500ml,"22,100","22,100",登录查看
茅台三十年,53.00度/500ml,"10,300","10,300",登录查看
茅台十五年,53.00度/500ml,"3,600","3,600",登录查看
茅台精品茅台,53.00度/500ml,"2,050","2,050",登录查看
茅台香溢五洲,53.00度/500ml,"2,400","2,400",登录查看
茅台红喜宴,43.00度/500ml,640,640,登录查看
茅台100ml 飞天（散）,53.00度/100ml,275,275,登录查看
茅台43度飞天(散),43.00度/500ml,750,750,登录查看
