﻿品名,规格,昨日行情,今日行情,回购价
剑南春38°东方红1949,38.00度/500ml,580,580,登录查看
剑南春金剑春97,52.00度/500ml,285,285,登录查看
剑南春金剑醇,52.00度/500ml,42,42,登录查看
剑南春1L公斤剑,52.00度/1000ml,705,705,登录查看
剑南春46°10年,46.00度/500ml,705,705,登录查看
剑南春东方红46°,46.00度/550ml,710,710,登录查看
剑南春46°东方红1949,46.00度/500ml,780,780,登录查看
剑南春剑南老窖2006,52.00度/500ml,58,58,登录查看
剑南春剑南老窖2004,52.00度/500ml,105,105,登录查看
剑南春52°东方红1949,52.00度/500ml,830,830,登录查看
剑南春珍藏级,52.00度/500ml,535,535,登录查看
剑南春金剑南K6,52.00度/500ml,100,100,登录查看
剑南春水晶剑,52.00度/500ml,380,380,登录查看
