﻿品名,规格,昨日行情,今日行情,回购价
泸州老窖紫砂大曲,52.00度/500ml,210,210,登录查看
泸州老窖52°晶彩,52.00度/500ml,180,180,登录查看
泸州老窖43°国窖1573,43.00度/100ml,85,85,登录查看
泸州老窖1L许燎源,58.00度/1000ml,"2,190","2,190",登录查看
泸州老窖国学,60.00度/500ml,"2,520","2,520",登录查看
泸州老窖窖龄90,52.00度/500ml,350,350,登录查看
泸州老窖窖龄60,52.00度/500ml,250,250,登录查看
泸州老窖窖龄30,52.00度/500ml,150,150,登录查看
泸州老窖头曲,52.00度/500ml,60,60,登录查看
泸州老窖特曲（60版）,52.00度/500ml,410,410,登录查看
泸州老窖特曲（老字号）,52.00度/500ml,240,240,登录查看
泸州老窖52°国窖1573,52.00度/500ml,835,835,登录查看
