﻿品名,规格,昨日行情,今日行情,回购价
金沙摘要（尊享版）,53.00度/550ml,380,380,登录查看
金沙2.5L摘要（封坛）,53.00度/2500ml,"2,000","2,000",登录查看
金沙51°五星,51.00度/500ml,90,90,登录查看
金沙375ML摘要（品鉴）,53.00度/375ml,295,295,登录查看
金沙回沙1951,53.00度/500ml,210,210,登录查看
金沙回沙1985,53.00度/500ml,85,85,登录查看
金沙钻石五星,53.00度/500ml,65,65,登录查看
金沙摘要（珍品）,53.00度/500ml,345,345,登录查看
