﻿品名,规格,昨日行情,今日行情,回购价
钓鱼台金樽,53.00度/500ml,450,450,登录查看
钓鱼台龙樽凤玺,53.00度/500ml,"1,980","1,980",登录查看
钓鱼台大师级,53.00度/500ml,410,410,登录查看
钓鱼台铁盖,53.00度/500ml,490,490,登录查看
钓鱼台国藏,53.00度/500ml,550,550,登录查看
钓鱼台私藏（金装）,53.00度/500ml,620,620,登录查看
钓鱼台新国宾,53.00度/500ml,420,420,登录查看
钓鱼台十年,53.00度/500ml,550,550,登录查看
钓鱼台珐琅彩,53.00度/500ml,610,610,登录查看
