﻿品名,规格,昨日行情,今日行情,回购价
西凤酒海陈藏10,52.00度/500ml,135,135,登录查看
西凤6年陈酿,45.00度/500ml,110,110,登录查看
西凤15年陈酿,45.00度/500ml,230,230,登录查看
西凤红七彩12年,52.00度/500ml,105,105,登录查看
西凤金七彩20年,52.00度/500ml,140,140,登录查看
西凤蓝七彩30年,52.00度/500ml,205,205,登录查看
西凤旗帜红鼎珍藏45度,45.00度/500ml,240,240,登录查看
西凤旗帜青鼎珍藏53度,53.00度/500ml,300,300,登录查看
西凤老绿玻瓶,55.00度/500ml,40,40,登录查看
西凤酒海陈藏5,42.00度/500ml,70,70,登录查看
西凤华山论剑10年,52.00度/500ml,115,115,登录查看
西凤华山论剑20年,52.00度/500ml,205,205,登录查看
西凤华山论剑30年,55.00度/500ml,327,327,登录查看
西凤华山论剑50年,52.00度/500ml,450,450,登录查看
西凤红西凤,52.00度/500ml,700,700,登录查看
