﻿品名,规格,昨日行情,今日行情,回购价
汾酒出口玻汾,53.00度/500ml,40,40,登录查看
汾酒黄盖玻汾,53.00度/475ml,37,37,登录查看
汾酒48°乳玻汾,48.00度/475ml,50,50,登录查看
汾酒蓝汾,53.00度/475ml,95,95,登录查看
汾酒金奖黑坛20,53.00度/475ml,295,295,登录查看
汾酒42°青花20,42.00度/500ml,310,310,登录查看
汾酒48°青花30,48.00度/500ml,620,620,登录查看
汾酒中国装,55.00度/500ml,"1,610","1,610",登录查看
汾酒玻竹,45.00度/475ml,37,37,登录查看
汾酒玻汾,53.00度/475ml,39,39,登录查看
汾酒53°乳玻汾,53.00度/475ml,50,50,登录查看
汾酒老白汾10,53.00度/475ml,115,115,登录查看
汾酒老白汾15,53.00度/475ml,149,149,登录查看
汾酒巴拿马基础,53.00度/475ml,115,115,登录查看
汾酒巴拿马10,53.00度/475ml,175,175,登录查看
汾酒巴拿马20,53.00度/475ml,285,285,登录查看
汾酒53°青花20,53.00度/500ml,358,358,登录查看
汾酒53°青花30（复兴）,53.00度/500ml,680,680,登录查看
