﻿品名,规格,昨日行情,今日行情,回购价
水井坊天号陈,52.00度/500ml,195,195,登录查看
水井坊小水井,52.00度/500ml,128,128,登录查看
水井坊52°菁翠,52.00度/500ml,950,950,登录查看
水井坊52°清,52.00度/500ml,"1,750","1,750",登录查看
水井坊臻酿8号,52.00度/500ml,280,280,登录查看
水井坊井台,52.00度/500ml,420,420,登录查看
水井坊新井台（2022）,52.00度/500ml,530,530,登录查看
水井坊典藏,52.00度/500ml,680,680,登录查看
